{"loss": [0.17573821544647217, 0.05077626183629036, 0.033519696444272995, 0.02372337318956852, 0.01696365885436535], "accuracy": [0.9474583268165588, 0.984250009059906, 0.9895208477973938, 0.9927916526794434, 0.9943333268165588], "val_loss": [0.06939131021499634, 0.05623529478907585, 0.04723471403121948, 0.04142812639474869, 0.04561805725097656], "val_accuracy": [0.9804166555404663, 0.9839166402816772, 0.9865833520889282, 0.9885833263397217, 0.9884166717529297]}