{"loss": [0.050642408430576324, 0.012568905018270016, 0.008542860858142376, 0.00636181328445673, 0.004919892642647028], "accuracy": [0.9211458563804626, 0.9835416674613953, 0.9894166588783264, 0.9916041493415833, 0.9936875104904175], "val_loss": [0.014797649346292019, 0.012111159972846508, 0.009297181852161884, 0.008243216201663017, 0.008331142365932465], "val_accuracy": [0.9821666479110718, 0.9834166765213013, 0.9871666431427002, 0.9883333444595337, 0.9882500171661377]}