{"loss": [0.16654938459396362, 0.052395258098840714, 0.03535604476928711, 0.02640705183148384, 0.018012650310993195], "accuracy": [0.9506666660308838, 0.984083354473114, 0.9884166717529297, 0.9912499785423279, 0.9939166903495789], "val_loss": [0.06822093576192856, 0.053385477513074875, 0.04267571493983269, 0.04346765577793121, 0.04273756965994835], "val_accuracy": [0.9787499904632568, 0.9852499961853027, 0.9882500171661377, 0.9868333339691162, 0.9882500171661377]}