{"loss": [0.04736191779375076, 0.011906269006431103, 0.008201300166547298, 0.005984106566756964, 0.0046432302333414555], "accuracy": [0.9292291402816772, 0.9842708110809326, 0.989062488079071, 0.991812527179718, 0.9940624833106995], "val_loss": [0.016025608405470848, 0.01078832522034645, 0.00895873922854662, 0.00795134250074625, 0.007469090633094311], "val_accuracy": [0.9784166812896729, 0.9865833520889282, 0.9881666898727417, 0.9894166588783264, 0.9893333315849304]}