{"loss": [0.17669108510017395, 0.050507787615060806, 0.03354281559586525, 0.02279200777411461, 0.017813684418797493], "accuracy": [0.9479166865348816, 0.9844791889190674, 0.9897500276565552, 0.9926458597183228, 0.9942916631698608], "val_loss": [0.06581925600767136, 0.055365607142448425, 0.044044531881809235, 0.04576549679040909, 0.05295742303133011], "val_accuracy": [0.9803333282470703, 0.984666645526886, 0.9887499809265137, 0.9883333444595337, 0.9877499938011169]}