{"loss": [12.00280475616455, 3.5439281463623047, 0.40546801686286926, 1.6956298351287842, 0.8080517649650574], "accuracy": [0.23258332908153534, 0.7236666679382324, 0.9360833168029785, 0.8501041531562805, 0.9246041774749756], "val_loss": [9.644624710083008, 0.3688909113407135, 0.35594242811203003, 0.8041591048240662, 0.8433184623718262], "val_accuracy": [0.38600000739097595, 0.9409999847412109, 0.9415833353996277, 0.9265000224113464, 0.921833336353302]}