{"loss": [0.1646580845117569, 0.051145125180482864, 0.03403565287590027, 0.023831438273191452, 0.018253089860081673], "accuracy": [0.9508749842643738, 0.984416663646698, 0.9896666407585144, 0.9924166798591614, 0.9937708377838135], "val_loss": [0.06558714807033539, 0.05089806020259857, 0.04843495041131973, 0.05813546106219292, 0.05041319876909256], "val_accuracy": [0.9815000295639038, 0.9848333597183228, 0.9856666922569275, 0.984083354473114, 0.987583339214325]}